_id,city,state,country,weather_ts,weather_ic,weather_hu,weather_pr,weather_tp,weather_wd,weather_ws,pollution_ts,pollution_aqius,pollution_mainus,pollution_aqicn,pollution_maincn
68487444557f4a50575cf9d3,Aalen,Baden-Wuerttemberg,Germany,2025-06-10T14:00:00.000Z,04d,46,1017,22,273,3.97,2025-06-10T13:00:00.000Z,71,p2,29,p2
68487444557f4a50575cf9d4,Babstadt,Baden-Wuerttemberg,Germany,2025-06-10T14:00:00.000Z,04d,42,1016,23,251,5.94,2025-06-10T14:00:00.000Z,77,p2,33,p2
68487444557f4a50575cf9d5,Baden-Baden,Baden-Wuerttemberg,Germany,2025-06-10T14:00:00.000Z,01d,46,1017,23,230,4.12,2025-06-10T13:00:00.000Z,66,p2,24,p2
68487444557f4a50575cf9d6,Biberach,Baden-Wuerttemberg,Germany,2025-06-10T14:00:00.000Z,04d,44,1017,23,230,4.12,2025-06-10T13:00:00.000Z,102,p2,51,p2
68487444557f4a50575cf9d7,Dauchingen,Baden-Wuerttemberg,Germany,2025-06-10T14:00:00.000Z,04d,47,1019,24,293,4.23,2025-06-10T13:00:00.000Z,83,p2,38,p2
68487444557f4a50575cf9d8,Eggenstein-Leopoldshafen,Baden-Wuerttemberg,Germany,2025-06-10T14:00:00.000Z,04d,45,1016,25,285,1.34,2025-06-10T13:00:00.000Z,62,p2,21,p2
68487444557f4a50575cf9d9,Eppelheim,Baden-Wuerttemberg,Germany,2025-06-10T14:00:00.000Z,01d,45,1016,25,210,4.12,2025-06-10T14:00:00.000Z,64,p2,23,p2
68487444557f4a50575cf9da,Filderstadt,Baden-Wuerttemberg,Germany,2025-06-10T14:00:00.000Z,01d,33,1017,24,260,4.63,2025-06-10T13:00:00.000Z,69,p2,28,p1
68487444557f4a50575cf9db,Freiburg,Baden-Wuerttemberg,Germany,2025-06-10T14:00:00.000Z,04d,40,1017,25,175,3.13,2025-06-10T13:00:00.000Z,73,p2,30,p2
68487444557f4a50575cf9dc,Friedrichshafen,Baden-Wuerttemberg,Germany,2025-06-10T14:00:00.000Z,01d,47,1017,24,250,2.57,2025-06-10T13:00:00.000Z,77,p2,33,p2
68487444557f4a50575cf9dd,Gartringen,Baden-Wuerttemberg,Germany,2025-06-10T14:00:00.000Z,04d,47,1017,24,279,4.96,2025-06-10T13:00:00.000Z,71,p2,29,p2
68487444557f4a50575cf9de,Graben-Neudorf,Baden-Wuerttemberg,Germany,2025-06-10T14:00:00.000Z,04d,32,1016,26,253,5.76,2025-06-10T12:00:00.000Z,62,p2,21,p2
68487444557f4a50575cf9df,Grenzach-Wyhlen,Baden-Wuerttemberg,Germany,2025-06-10T14:00:00.000Z,01d,41,1017,25,270,3.09,2025-06-10T14:00:00.000Z,88,p2,41,p2
68487444557f4a50575cf9e0,Hausen,Baden-Wuerttemberg,Germany,2025-06-10T14:00:00.000Z,04d,36,1018,25,275,3.99,2025-06-10T14:00:00.000Z,68,p2,26,p2
68487444557f4a50575cf9e1,Heidelberg,Baden-Wuerttemberg,Germany,2025-06-10T14:00:00.000Z,01d,47,1016,24,220,5.14,2025-06-10T13:00:00.000Z,64,p2,23,p2
68487444557f4a50575cf9e2,Heilbronn,Baden-Wuerttemberg,Germany,2025-06-10T14:00:00.000Z,04d,42,1017,24,256,5.66,2025-06-10T13:00:00.000Z,68,p2,26,p2
68487444557f4a50575cf9e3,Herbolzheim,Baden-Wuerttemberg,Germany,2025-06-10T14:00:00.000Z,04d,35,1017,26,201,3.2,2025-06-10T14:00:00.000Z,64,p2,23,p2
68487444557f4a50575cf9e4,Holzgerlingen,Baden-Wuerttemberg,Germany,2025-06-10T14:00:00.000Z,01d,33,1017,24,260,4.63,2025-06-10T13:00:00.000Z,60,p2,20,p2
68487444557f4a50575cf9e5,Karlsruhe,Baden-Wuerttemberg,Germany,2025-06-10T14:00:00.000Z,04d,52,1017,24,294,1.34,2025-06-10T14:00:00.000Z,65,p2,26,p1
68487444557f4a50575cf9e6,Kehl,Baden-Wuerttemberg,Germany,2025-06-10T14:00:00.000Z,01d,41,1017,26,220,3.6,2025-06-10T14:00:00.000Z,77,p2,33,p2
68487444557f4a50575cf9e7,Konstanz,Baden-Wuerttemberg,Germany,2025-06-10T14:00:00.000Z,04d,44,1017,25,262,4.75,2025-06-10T13:00:00.000Z,79,p2,34,p2
68487444557f4a50575cf9e8,Ladenburg,Baden-Wuerttemberg,Germany,2025-06-10T14:00:00.000Z,01d,45,1016,25,210,4.12,2025-06-10T14:00:00.000Z,76,p2,32,p2
68487444557f4a50575cf9e9,Ludwigsburg,Baden-Wuerttemberg,Germany,2025-06-10T14:00:00.000Z,04d,51,1017,24,266,0.45,2025-06-10T13:00:00.000Z,68,p2,26,p2
68487444557f4a50575cf9ea,Mahlberg,Baden-Wuerttemberg,Germany,2025-06-10T14:00:00.000Z,01d,32,1017,25,210,4.12,2025-06-10T14:00:00.000Z,73,p2,30,p2
68487444557f4a50575cf9eb,Mannheim,Baden-Wuerttemberg,Germany,2025-06-10T14:00:00.000Z,01d,46,1016,24,220,5.14,2025-06-10T13:00:00.000Z,69,p2,27,p2
68487444557f4a50575cf9ec,Munstertal/Schwarzwald,Baden-Wuerttemberg,Germany,2025-06-10T14:00:00.000Z,04d,40,1018,25,245,2.68,2025-06-10T13:00:00.000Z,107,p2,54,p2
68487444557f4a50575cf9ed,Mutlangen,Baden-Wuerttemberg,Germany,2025-06-10T14:00:00.000Z,04d,56,1017,22,283,4.04,2025-06-10T13:00:00.000Z,68,p2,26,p2
68487444557f4a50575cf9ee,Neuenburg,Baden-Wuerttemberg,Germany,2025-06-10T14:00:00.000Z,04d,43,1018,25,258,2.24,2025-06-10T13:00:00.000Z,71,p2,29,p2
68487444557f4a50575cf9ef,Oberried,Baden-Wuerttemberg,Germany,2025-06-10T14:00:00.000Z,04d,38,1018,20,171,2.24,2025-06-10T13:00:00.000Z,104,p2,52,p2
68487444557f4a50575cf9f0,Oberrot,Baden-Wuerttemberg,Germany,2025-06-10T14:00:00.000Z,01d,51,1017,23,280,4.12,2025-06-10T14:00:00.000Z,73,p2,30,p2
68487444557f4a50575cf9f1,Ofterdingen,Baden-Wuerttemberg,Germany,2025-06-10T14:00:00.000Z,04d,32,1019,25,274,4.59,2025-06-10T14:00:00.000Z,76,p2,32,p2
68487444557f4a50575cf9f2,Orsingen-Nenzingen,Baden-Wuerttemberg,Germany,2025-06-10T14:00:00.000Z,04d,47,1018,25,259,4.61,2025-06-10T14:00:00.000Z,153,p2,79,p2
68487444557f4a50575cf9f3,Pforzheim,Baden-Wuerttemberg,Germany,2025-06-10T14:00:00.000Z,04d,48,1017,23,270,5.07,2025-06-10T14:00:00.000Z,68,p2,26,p2
68487444557f4a50575cf9f4,Reutlingen,Baden-Wuerttemberg,Germany,2025-06-10T14:00:00.000Z,04d,47,1017,24,271,4.73,2025-06-10T14:00:00.000Z,85,p2,39,p2
68487444557f4a50575cf9f5,Schwabisch Hall,Baden-Wuerttemberg,Germany,2025-06-10T14:00:00.000Z,01d,50,1017,22,280,4.12,2025-06-10T14:00:00.000Z,71,p2,29,p2
68487444557f4a50575cf9f6,Schwabische Alb,Baden-Wuerttemberg,Germany,2025-06-10T14:00:00.000Z,04d,46,1018,22,296,5.17,2025-06-10T14:00:00.000Z,96,p2,47,p2
68487444557f4a50575cf9f7,Sindelfingen,Baden-Wuerttemberg,Germany,2025-06-10T14:00:00.000Z,01d,33,1017,24,260,4.63,2025-06-10T14:00:00.000Z,94,p2,46,p2
68487444557f4a50575cf9f8,Singen,Baden-Wuerttemberg,Germany,2025-06-10T14:00:00.000Z,04d,40,1017,25,254,5.06,2025-06-10T14:00:00.000Z,127,p2,64,p2
68487444557f4a50575cf9f9,Sontheim an der Brenz,Baden-Wuerttemberg,Germany,2025-06-10T14:00:00.000Z,04d,48,1017,21,300,4.16,2025-06-10T14:00:00.000Z,96,p2,47,p2
68487444557f4a50575cf9fa,Stuttgart,Baden-Wuerttemberg,Germany,2025-06-10T14:00:00.000Z,01d,45,1017,25,230,3.09,2025-06-10T14:00:00.000Z,70,p2,28,p2
68487444557f4a50575cf9fb,Tauberbischofsheim,Baden-Wuerttemberg,Germany,2025-06-10T14:00:00.000Z,04d,50,1016,23,351,0.45,2025-06-10T14:00:00.000Z,66,p2,26,p1
68487444557f4a50575cf9fc,Tubingen,Baden-Wuerttemberg,Germany,2025-06-10T14:00:00.000Z,04d,49,1017,25,270,4.57,2025-06-10T14:00:00.000Z,83,p2,38,p2
68487444557f4a50575cf9fd,Uberlingen,Baden-Wuerttemberg,Germany,2025-06-10T14:00:00.000Z,04d,36,1017,25,257,4.59,2025-06-10T13:00:00.000Z,85,p2,39,p2
68487444557f4a50575cf9fe,Ulm,Baden-Wuerttemberg,Germany,2025-06-10T14:00:00.000Z,04d,46,1017,24,291,4.15,2025-06-10T14:00:00.000Z,97,p2,49,p2
68487444557f4a50575cf9ff,Villingen-Schwenningen,Baden-Wuerttemberg,Germany,2025-06-10T14:00:00.000Z,04d,46,1020,23,286,4.33,2025-06-10T14:00:00.000Z,119,p2,60,p2
68487444557f4a50575cfa00,Wangen im Allgau,Baden-Wuerttemberg,Germany,2025-06-10T14:00:00.000Z,04d,35,1018,24,264,3.94,2025-06-10T14:00:00.000Z,167,p2,104,p2
68487444557f4a50575cfa01,Weil am Rhein,Baden-Wuerttemberg,Germany,2025-06-10T14:00:00.000Z,01d,38,1018,25,270,3.09,2025-06-10T14:00:00.000Z,69,p2,27,p2
68487444557f4a50575cfa02,Weinheim,Baden-Wuerttemberg,Germany,2025-06-10T14:00:00.000Z,01d,46,1016,24,294,5.36,2025-06-10T14:00:00.000Z,71,p2,29,p2
68487444557f4a50575cfa03,Wiesloch,Baden-Wuerttemberg,Germany,2025-06-10T14:00:00.000Z,04d,50,1016,24,260,5.85,2025-06-10T14:00:00.000Z,62,p2,21,p2
68487444557f4a50575cfa04,Alling,Bavaria,Germany,2025-06-10T14:00:00.000Z,04d,35,1017,24,250,6.17,2025-06-10T13:00:00.000Z,87,p2,41,p2
68487444557f4a50575cfa05,Ansbach,Bavaria,Germany,2025-06-10T14:00:00.000Z,03d,46,1017,21,240,4.63,2025-06-10T14:00:00.000Z,60,p2,24,p1
68487444557f4a50575cfa06,Augsburg,Bavaria,Germany,2025-06-10T14:00:00.000Z,01d,38,1017,23,240,4.63,2025-06-10T14:00:00.000Z,79,p2,48,p1
68487444557f4a50575cfa07,Bad Aibling,Bavaria,Germany,2025-06-10T14:00:00.000Z,04d,42,1017,26,324,4.07,2025-06-10T14:00:00.000Z,158,p2,89,p2
68487444557f4a50575cfa08,Bad Hindelang,Bavaria,Germany,2025-06-10T14:00:00.000Z,04d,38,1016,24,288,0.89,2025-06-10T14:00:00.000Z,79,p2,40,p1
68487444557f4a50575cfa09,Bamberg,Bavaria,Germany,2025-06-10T14:00:00.000Z,04d,70,1015,20,235,5.22,2025-06-10T14:00:00.000Z,56,p2,19,p1
68487444557f4a50575cfa0a,Bayreuth,Bavaria,Germany,2025-06-10T14:00:00.000Z,04d,68,1015,20,263,0.89,2025-06-10T14:00:00.000Z,62,p2,21,p2
68487444557f4a50575cfa0b,Bogenhausen,Bavaria,Germany,2025-06-10T14:00:00.000Z,04d,37,1016,25,224,1.79,2025-06-10T13:00:00.000Z,112,p2,56,p2
68487444557f4a50575cfa0c,Burghausen,Bavaria,Germany,2025-06-10T14:00:00.000Z,04d,76,1016,25,307,4.17,2025-06-10T14:00:00.000Z,82,p2,45,p1
68487444557f4a50575cfa0d,Dingolfing,Bavaria,Germany,2025-06-10T14:00:00.000Z,04d,52,1017,23,272,5.03,2025-06-10T13:00:00.000Z,75,p2,32,p2
68487444557f4a50575cfa0e,Egmating,Bavaria,Germany,2025-06-10T14:00:00.000Z,04d,38,1016,24,281,4.02,2025-06-10T13:00:00.000Z,111,p2,56,p2
68487444557f4a50575cfa0f,Emmering,Bavaria,Germany,2025-06-10T14:00:00.000Z,01d,36,1017,24,250,6.17,2025-06-10T13:00:00.000Z,107,p2,54,p2
68487444557f4a50575cfa10,Furth,Bavaria,Germany,2025-06-10T14:00:00.000Z,01d,51,1016,21,270,5.66,2025-06-10T14:00:00.000Z,58,p2,19,p2
68487444557f4a50575cfa11,Grunwald,Bavaria,Germany,2025-06-10T14:00:00.000Z,04d,35,1017,25,239,1.34,2025-06-10T14:00:00.000Z,183,p2,133,p2
68487444557f4a50575cfa12,Heroldsbach,Bavaria,Germany,2025-06-10T14:00:00.000Z,04d,53,1016,21,254,5.08,2025-06-10T13:00:00.000Z,65,p2,23,p2
68487444557f4a50575cfa13,Hof,Bavaria,Germany,2025-06-10T14:00:00.000Z,02d,61,1015,16,220,5.66,2025-06-10T14:00:00.000Z,63,p2,32,o3
68487444557f4a50575cfa14,Hohenkirchen-Siegertsbrunn,Bavaria,Germany,2025-06-10T14:00:00.000Z,04d,37,1017,25,233,4.47,2025-06-10T14:00:00.000Z,161,p2,94,p2
68487444557f4a50575cfa15,Holzkirchen,Bavaria,Germany,2025-06-10T14:00:00.000Z,04d,35,1017,24,306,5.25,2025-06-10T14:00:00.000Z,129,p2,65,p2
68487444557f4a50575cfa16,Ingolstadt,Bavaria,Germany,2025-06-10T14:00:00.000Z,04d,43,1016,23,250,3.6,2025-06-10T14:00:00.000Z,71,p2,38,p1
68487444557f4a50575cfa17,Ismaning,Bavaria,Germany,2025-06-10T14:00:00.000Z,04d,38,1016,25,230,4.02,2025-06-10T14:00:00.000Z,146,p2,74,p2
68487444557f4a50575cfa18,Kochel,Bavaria,Germany,2025-06-10T14:00:00.000Z,04d,46,1017,26,319,3.74,2025-06-10T13:00:00.000Z,69,p2,27,p2
68487444557f4a50575cfa19,Kulmbach,Bavaria,Germany,2025-06-10T14:00:00.000Z,04d,74,1015,19,268,0.89,2025-06-10T14:00:00.000Z,62,p2,22,p1
68487444557f4a50575cfa1a,Landshut,Bavaria,Germany,2025-06-10T14:00:00.000Z,04d,45,1016,24,293,1.79,2025-06-10T14:00:00.000Z,68,p2,33,p1
68487444557f4a50575cfa1b,Mainleus,Bavaria,Germany,2025-06-10T14:00:00.000Z,04d,62,1015,19,236,5.5,2025-06-10T13:00:00.000Z,65,p2,24,p2
68487444557f4a50575cfa1c,Memmingen,Bavaria,Germany,2025-06-10T14:00:00.000Z,01d,38,1017,24,240,5.66,2025-06-10T13:00:00.000Z,116,p2,58,p2
68487444557f4a50575cfa1d,Mittelstetten,Bavaria,Germany,2025-06-10T14:00:00.000Z,04d,39,1017,24,240,4.12,2025-06-10T13:00:00.000Z,89,p2,42,p2
68487444557f4a50575cfa1e,Munich,Bavaria,Germany,2025-06-10T14:00:00.000Z,04d,37,1016,25,224,1.79,2025-06-10T14:00:00.000Z,151,p2,76,p2
68487444557f4a50575cfa1f,Nennslingen,Bavaria,Germany,2025-06-10T14:00:00.000Z,04d,41,1017,22,274,4.51,2025-06-10T14:00:00.000Z,86,p2,40,p2
68487444557f4a50575cfa20,Neu-Ulm,Bavaria,Germany,2025-06-10T14:00:00.000Z,04d,46,1017,24,290,4.05,2025-06-10T14:00:00.000Z,78,p2,34,p2
68487444557f4a50575cfa21,Neuburg an der Donau,Bavaria,Germany,2025-06-10T14:00:00.000Z,04d,49,1017,24,272,4.87,2025-06-10T14:00:00.000Z,97,p2,49,p2
68487444557f4a50575cfa22,Niederwerrn,Bavaria,Germany,2025-06-10T14:00:00.000Z,04d,57,1015,20,251,6.28,2025-06-10T14:00:00.000Z,53,p2,33,o3
68487444557f4a50575cfa23,Nuremberg,Bavaria,Germany,2025-06-10T14:00:00.000Z,01d,50,1016,22,270,5.66,2025-06-10T14:00:00.000Z,66,p2,34,o3
68487444557f4a50575cfa24,Oberasbach,Bavaria,Germany,2025-06-10T14:00:00.000Z,01d,52,1016,21,250,6.17,2025-06-10T13:00:00.000Z,67,p2,25,p2
68487444557f4a50575cfa25,Oberaudorf,Bavaria,Germany,2025-06-10T14:00:00.000Z,04d,47,1017,24,6,1.66,2025-06-10T14:00:00.000Z,81,p2,46,p1
68487444557f4a50575cfa26,Ottobrunn,Bavaria,Germany,2025-06-10T14:00:00.000Z,04d,37,1016,25,233,4.47,2025-06-10T13:00:00.000Z,63,p2,23,p2
68487444557f4a50575cfa27,Pasing,Bavaria,Germany,2025-06-10T14:00:00.000Z,04d,35,1017,25,250,6.17,2025-06-10T13:00:00.000Z,97,p2,48,p2
68487444557f4a50575cfa28,Passau,Bavaria,Germany,2025-06-10T14:00:00.000Z,04d,65,1016,23,222,0.45,2025-06-10T14:00:00.000Z,82,p2,49,p1
68487444557f4a50575cfa29,Peissenberg,Bavaria,Germany,2025-06-10T14:00:00.000Z,04d,31,1017,24,300,7.72,2025-06-10T14:00:00.000Z,171,p2,111,p2
68487444557f4a50575cfa2a,Rosstal,Bavaria,Germany,2025-06-10T14:00:00.000Z,01d,53,1016,21,250,6.17,2025-06-10T14:00:00.000Z,99,p2,50,p2
68487444557f4a50575cfa2b,Rottach-Egern,Bavaria,Germany,2025-06-10T14:00:00.000Z,04d,41,1017,21,310,3.33,2025-06-10T14:00:00.000Z,121,p2,61,p2
68487444557f4a50575cfa2c,Schonstett,Bavaria,Germany,2025-06-10T14:00:00.000Z,04d,44,1017,26,328,4.19,2025-06-10T14:00:00.000Z,132,p2,66,p2
68487444557f4a50575cfa2d,Schwabach,Bavaria,Germany,2025-06-10T14:00:00.000Z,01d,49,1016,21,250,6.17,2025-06-10T14:00:00.000Z,60,p2,35,o3
68487444557f4a50575cfa2e,Schwangau,Bavaria,Germany,2025-06-10T14:00:00.000Z,04d,36,1017,23,324,3.76,2025-06-10T14:00:00.000Z,153,p2,79,p2
68487444557f4a50575cfa2f,Schweinfurt,Bavaria,Germany,2025-06-10T14:00:00.000Z,04d,58,1015,19,245,5.95,2025-06-10T14:00:00.000Z,50,p2,15,p1
68487444557f4a50575cfa30,Senden,Bavaria,Germany,2025-06-10T14:00:00.000Z,04d,47,1017,24,282,3.58,2025-06-10T14:00:00.000Z,151,p2,76,p2
68487444557f4a50575cfa31,Stadtbergen,Bavaria,Germany,2025-06-10T14:00:00.000Z,04d,42,1017,24,275,4.41,2025-06-10T13:00:00.000Z,87,p2,40,p2
68487444557f4a50575cfa32,Steingaden,Bavaria,Germany,2025-06-10T14:00:00.000Z,04d,31,1017,23,300,7.72,2025-06-10T14:00:00.000Z,157,p2,86,p2
68487444557f4a50575cfa33,Sulzbach-Rosenberg,Bavaria,Germany,2025-06-10T14:00:00.000Z,04d,58,1016,21,277,4.74,2025-06-10T14:00:00.000Z,58,p2,37,o3
68487444557f4a50575cfa34,Tiefenbach,Bavaria,Germany,2025-06-10T14:00:00.000Z,04d,49,1016,21,266,5.01,2025-06-10T14:00:00.000Z,62,p2,35,o3
68487444557f4a50575cfa35,Trostberg,Bavaria,Germany,2025-06-10T14:00:00.000Z,04d,38,1017,26,212,1.34,2025-06-10T14:00:00.000Z,86,p2,48,p1
68487444557f4a50575cfa36,Wartenberg,Bavaria,Germany,2025-06-10T14:00:00.000Z,01d,44,1017,24,260,4.63,2025-06-10T14:00:00.000Z,163,p2,96,p2
68487444557f4a50575cfa37,Weissenburg in Bayern,Bavaria,Germany,2025-06-10T14:00:00.000Z,04d,48,1017,23,277,4.1,2025-06-10T14:00:00.000Z,84,p2,39,p2
68487444557f4a50575cfa38,Wenzenbach,Bavaria,Germany,2025-06-10T14:00:00.000Z,04d,50,1016,23,287,1.79,2025-06-10T14:00:00.000Z,84,p2,39,p2
68487444557f4a50575cfa39,Wurzburg,Bavaria,Germany,2025-06-10T14:00:00.000Z,04d,57,1016,22,243,5.87,2025-06-10T14:00:00.000Z,65,p2,35,o3
68487444557f4a50575cfa3a,Zell am Main,Bavaria,Germany,2025-06-10T14:00:00.000Z,04d,51,1015,23,251,5.95,2025-06-10T14:00:00.000Z,82,p2,37,p2
68487444557f4a50575cfa3b,Berlin,Berlin,Germany,2025-06-10T14:00:00.000Z,10d,81,1012,16,170,0.45,2025-06-10T14:00:00.000Z,69,p2,26,p2
68487444557f4a50575cfa3c,Mitte,Berlin,Germany,2025-06-10T14:00:00.000Z,09d,77,1012,17,257,7.15,2025-06-10T13:00:00.000Z,69,p2,43,p1
68487444557f4a50575cfa3d,Neukoelln,Berlin,Germany,2025-06-10T14:00:00.000Z,09d,77,1012,17,257,7.15,2025-06-10T14:00:00.000Z,65,p2,27,p1
68487444557f4a50575cfa3e,Alt Zauche-Wusswerk,Brandenburg,Germany,2025-06-10T14:00:00.000Z,10d,64,1013,20,233,6.43,2025-06-10T14:00:00.000Z,62,p2,31,o3
68487444557f4a50575cfa3f,Bad Belzig,Brandenburg,Germany,2025-06-10T14:00:00.000Z,10d,79,1013,17,267,4.05,2025-06-10T14:00:00.000Z,68,p2,26,p2
68487444557f4a50575cfa40,Bernau bei Berlin,Brandenburg,Germany,2025-06-10T14:00:00.000Z,10d,82,1012,17,197,3.6,2025-06-10T14:00:00.000Z,64,p2,23,p2
68487444557f4a50575cfa41,Birkenwerder,Brandenburg,Germany,2025-06-10T14:00:00.000Z,10d,78,1012,16,38,1.34,2025-06-10T13:00:00.000Z,62,p2,21,p2
68487444557f4a50575cfa42,Blankenfelde-Mahlow,Brandenburg,Germany,2025-06-10T14:00:00.000Z,09d,85,1012,16,240,6.69,2025-06-10T14:00:00.000Z,66,p2,30,o3
68487444557f4a50575cfa43,Brandenburg City,Brandenburg,Germany,2025-06-10T14:00:00.000Z,10d,80,1013,15,255,5.25,2025-06-10T14:00:00.000Z,67,p2,25,p2
68487444557f4a50575cfa44,Buckow,Brandenburg,Germany,2025-06-10T14:00:00.000Z,10d,78,1012,17,199,2.19,2025-06-10T14:00:00.000Z,62,p2,26,o3
68487444557f4a50575cfa45,Cottbus,Brandenburg,Germany,2025-06-10T14:00:00.000Z,04d,56,1012,20,252,3.58,2025-06-10T14:00:00.000Z,61,p2,32,o3
68487444557f4a50575cfa46,Dallgow-Doeberitz,Brandenburg,Germany,2025-06-10T14:00:00.000Z,10d,88,1012,16,231,5.69,2025-06-10T14:00:00.000Z,78,p2,34,p2
68487444557f4a50575cfa47,Eisenhuttenstadt,Brandenburg,Germany,2025-06-10T14:00:00.000Z,10d,65,1012,19,238,3.92,2025-06-10T14:00:00.000Z,64,p2,32,o3
68487444557f4a50575cfa48,Elsterwerda,Brandenburg,Germany,2025-06-10T14:00:00.000Z,04d,60,1013,20,229,5.2,2025-06-10T14:00:00.000Z,62,p2,21,p2
68487444557f4a50575cfa49,Frankfurt/Oder,Brandenburg,Germany,2025-06-10T14:00:00.000Z,04d,70,1012,18,250,2.37,2025-06-10T14:00:00.000Z,63,p2,31,o3
68487444557f4a50575cfa4a,Luckenwalde,Brandenburg,Germany,2025-06-10T14:00:00.000Z,04d,76,1011,16,198,2.24,2025-06-10T14:00:00.000Z,82,p2,36,p2
68487444557f4a50575cfa4b,Michendorf,Brandenburg,Germany,2025-06-10T14:00:00.000Z,10d,85,1013,16,249,5.65,2025-06-10T14:00:00.000Z,64,p2,26,o3
68487444557f4a50575cfa4c,Nauen,Brandenburg,Germany,2025-06-10T14:00:00.000Z,10d,81,1012,16,233,6.11,2025-06-10T14:00:00.000Z,66,p2,24,p2
68487444557f4a50575cfa4d,Neuruppin,Brandenburg,Germany,2025-06-10T14:00:00.000Z,10d,82,1012,16,217,3.07,2025-06-10T14:00:00.000Z,60,p2,24,o3
68487444557f4a50575cfa4e,Oranienburg,Brandenburg,Germany,2025-06-10T14:00:00.000Z,10d,80,1012,16,38,1.34,2025-06-10T14:00:00.000Z,64,p2,24,p1
68487444557f4a50575cfa4f,Potsdam,Brandenburg,Germany,2025-06-10T14:00:00.000Z,10d,87,1013,16,205,1.79,2025-06-10T14:00:00.000Z,68,p2,27,o3
68487444557f4a50575cfa50,Schonefeld,Brandenburg,Germany,2025-06-10T14:00:00.000Z,09d,82,1012,16,240,6.69,2025-06-10T14:00:00.000Z,68,p2,29,o3
68487444557f4a50575cfa51,Schwedt/Oder,Brandenburg,Germany,2025-06-10T14:00:00.000Z,10d,81,1012,17,237,2.96,2025-06-10T14:00:00.000Z,62,p2,28,o3
68487444557f4a50575cfa52,Spremberg,Brandenburg,Germany,2025-06-10T14:00:00.000Z,04d,55,1013,21,237,4.82,2025-06-10T14:00:00.000Z,58,p2,31,o3
68487444557f4a50575cfa53,Stechlin,Brandenburg,Germany,2025-06-10T14:00:00.000Z,10d,82,1012,16,219,2.94,2025-06-10T12:00:00.000Z,62,p2,22,p2
68487444557f4a50575cfa54,Wildau,Brandenburg,Germany,2025-06-10T14:00:00.000Z,09d,82,1012,16,240,6.69,2025-06-10T14:00:00.000Z,64,p2,28,o3
68487444557f4a50575cfa55,Wittenberge,Brandenburg,Germany,2025-06-10T14:00:00.000Z,04d,79,1011,16,243,5.15,2025-06-10T14:00:00.000Z,68,p2,26,p2
68487444557f4a50575cfa56,Bremen,Bremen,Germany,2025-06-10T14:00:00.000Z,04d,90,1010,14,230,7.72,2025-06-10T13:00:00.000Z,64,p2,29,p1
68487444557f4a50575cfa57,Bremerhaven,Bremen,Germany,2025-06-10T14:00:00.000Z,10d,94,1009,13,253,8.61,2025-06-10T13:00:00.000Z,56,p2,27,p1
68487444557f4a50575cfa58,Fuhlsbuettel,Hamburg,Germany,2025-06-10T14:00:00.000Z,50d,94,1009,13,210,7.2,2025-06-10T13:00:00.000Z,81,p2,36,p2
68487444557f4a50575cfa59,Hamburg,Hamburg,Germany,2025-06-10T14:00:00.000Z,50d,94,1009,13,210,6.17,2025-06-10T14:00:00.000Z,62,p2,21,p2
68487444557f4a50575cfa5a,Harburg,Hamburg,Germany,2025-06-10T14:00:00.000Z,50d,94,1009,13,210,6.17,2025-06-10T14:00:00.000Z,59,p2,19,p2
68487444557f4a50575cfa5b,Marienthal,Hamburg,Germany,2025-06-10T14:00:00.000Z,09d,94,1009,13,210,6.17,2025-06-10T14:00:00.000Z,55,p2,16,p2
68487444557f4a50575cfa5c,Ohlsdorf,Hamburg,Germany,2025-06-10T14:00:00.000Z,09d,94,1009,13,210,7.2,2025-06-10T13:00:00.000Z,80,p2,35,p2
68487444557f4a50575cfa5d,Alsfeld,Hessen,Germany,2025-06-10T14:00:00.000Z,04d,63,1014,20,258,6.13,2025-06-10T14:00:00.000Z,83,p2,38,p2
68487444557f4a50575cfa5e,Bad Nauheim,Hessen,Germany,2025-06-10T14:00:00.000Z,04d,57,1015,22,166,0.45,2025-06-10T14:00:00.000Z,79,p2,34,p2
68487444557f4a50575cfa5f,Bebra,Hessen,Germany,2025-06-10T14:00:00.000Z,04d,58,1014,21,225,4.02,2025-06-10T14:00:00.000Z,74,p2,31,p2
68487444557f4a50575cfa60,Bensheim,Hessen,Germany,2025-06-10T14:00:00.000Z,04d,50,1015,24,254,5.84,2025-06-10T14:00:00.000Z,73,p2,30,p2
68487444557f4a50575cfa61,Butzbach,Hessen,Germany,2025-06-10T14:00:00.000Z,04d,58,1014,22,261,5.55,2025-06-10T14:00:00.000Z,79,p2,34,p2
68487444557f4a50575cfa62,Darmstadt,Hessen,Germany,2025-06-10T14:00:00.000Z,04d,49,1015,24,350,1.79,2025-06-10T14:00:00.000Z,68,p2,35,o3
68487444557f4a50575cfa63,Eltville,Hessen,Germany,2025-06-10T14:00:00.000Z,02d,41,1015,25,250,6.69,2025-06-10T13:00:00.000Z,62,p2,21,p2
68487444557f4a50575cfa64,Frankfurt am Main,Hessen,Germany,2025-06-10T14:00:00.000Z,04d,51,1015,24,341,2.24,2025-06-10T14:00:00.000Z,67,p2,30,o3
68487444557f4a50575cfa65,Fulda,Hessen,Germany,2025-06-10T14:00:00.000Z,04d,55,1014,20,230,3.13,2025-06-10T14:00:00.000Z,75,p2,33,o3
68487444557f4a50575cfa66,Furth,Hessen,Germany,2025-06-10T14:00:00.000Z,04d,50,1016,21,258,6.32,2025-06-10T14:00:00.000Z,66,p2,36,o3
68487444557f4a50575cfa67,Gersfeld,Hessen,Germany,2025-06-10T14:00:00.000Z,04d,57,1015,20,252,7.1,2025-06-10T14:00:00.000Z,74,p2,39,o3
68487444557f4a50575cfa68,Giessen,Hessen,Germany,2025-06-10T14:00:00.000Z,04d,56,1014,21,249,4.92,2025-06-10T14:00:00.000Z,71,p2,29,p2
68487444557f4a50575cfa69,Glashutten,Hessen,Germany,2025-06-10T14:00:00.000Z,04d,47,1015,20,258,6.06,2025-06-10T14:00:00.000Z,66,p2,35,o3
68487444557f4a50575cfa6a,Hanau,Hessen,Germany,2025-06-10T14:00:00.000Z,04d,54,1015,24,234,3.58,2025-06-10T14:00:00.000Z,65,p2,33,o3
68487444557f4a50575cfa6b,Heppenheim (Bergstrasse),Hessen,Germany,2025-06-10T14:00:00.000Z,04d,50,1016,24,294,5.36,2025-06-10T14:00:00.000Z,69,p2,27,p2
68487444557f4a50575cfa6c,Kassel,Hessen,Germany,2025-06-10T14:00:00.000Z,04d,52,1015,23,250,6.43,2025-06-10T14:00:00.000Z,83,p2,38,p2
68487444557f4a50575cfa6d,Kellerwald,Hessen,Germany,2025-06-10T14:00:00.000Z,04d,56,1014,17,240,7.72,2025-06-10T14:00:00.000Z,79,p2,35,p2
68487444557f4a50575cfa6e,Langen,Hessen,Germany,2025-06-10T14:00:00.000Z,04d,49,1015,24,4,2.68,2025-06-10T14:00:00.000Z,73,p2,30,p2
68487444557f4a50575cfa6f,Langgons,Hessen,Germany,2025-06-10T14:00:00.000Z,04d,57,1014,21,249,4.92,2025-06-10T14:00:00.000Z,75,p2,31,p2
68487444557f4a50575cfa70,Limburg an der Lahn,Hessen,Germany,2025-06-10T14:00:00.000Z,04d,54,1015,23,266,5.27,2025-06-10T14:00:00.000Z,72,p2,34,o3
68487444557f4a50575cfa71,Marburg,Hessen,Germany,2025-06-10T14:00:00.000Z,04d,50,1013,22,261,6.24,2025-06-10T14:00:00.000Z,73,p2,32,o3
68487444557f4a50575cfa72,Marburg an der Lahn,Hessen,Germany,2025-06-10T14:00:00.000Z,04d,50,1013,22,261,6.24,2025-06-10T14:00:00.000Z,73,p2,30,p2
68487444557f4a50575cfa73,Michelstadt,Hessen,Germany,2025-06-10T14:00:00.000Z,04d,47,1015,24,262,6.18,2025-06-10T14:00:00.000Z,69,p2,35,o3
68487444557f4a50575cfa74,Neu Isenburg,Hessen,Germany,2025-06-10T14:00:00.000Z,04d,50,1015,24,284,1.34,2025-06-10T14:00:00.000Z,71,p2,29,p2
68487444557f4a50575cfa75,Niedernhausen,Hessen,Germany,2025-06-10T14:00:00.000Z,02d,42,1015,24,250,6.69,2025-06-10T13:00:00.000Z,63,p2,22,p2
68487444557f4a50575cfa76,Niederrad,Hessen,Germany,2025-06-10T14:00:00.000Z,01d,47,1015,24,230,8.23,2025-06-10T14:00:00.000Z,66,p2,34,o3
68487444557f4a50575cfa77,Oberursel,Hessen,Germany,2025-06-10T14:00:00.000Z,04d,50,1015,24,59,1.79,2025-06-10T13:00:00.000Z,62,p2,21,p2
68487444557f4a50575cfa78,Offenbach,Hessen,Germany,2025-06-10T14:00:00.000Z,01d,51,1015,24,230,7.2,2025-06-10T14:00:00.000Z,60,p2,32,o3
68487444557f4a50575cfa79,Offenbach am Main,Hessen,Germany,2025-06-10T14:00:00.000Z,01d,53,1015,24,230,8.23,2025-06-10T14:00:00.000Z,66,p2,25,p2
68487444557f4a50575cfa7a,Raunheim,Hessen,Germany,2025-06-10T14:00:00.000Z,01d,42,1015,25,230,8.23,2025-06-10T14:00:00.000Z,66,p2,35,o3
68487444557f4a50575cfa7b,Riedstadt,Hessen,Germany,2025-06-10T14:00:00.000Z,04d,49,1015,24,253,5.84,2025-06-10T14:00:00.000Z,69,p2,38,o3
68487444557f4a50575cfa7c,Wetzlar,Hessen,Germany,2025-06-10T14:00:00.000Z,04d,59,1014,21,267,4.62,2025-06-10T14:00:00.000Z,76,p2,34,p1
68487444557f4a50575cfa7d,Wiesbaden,Hessen,Germany,2025-06-10T14:00:00.000Z,02d,42,1015,24,250,6.69,2025-06-10T14:00:00.000Z,69,p2,37,o3
68487444557f4a50575cfa7e,Witzenhausen,Hessen,Germany,2025-06-10T14:00:00.000Z,04d,64,1013,16,271,5.64,2025-06-10T14:00:00.000Z,71,p2,32,o3
68487444557f4a50575cfa7f,Zierenberg,Hessen,Germany,2025-06-10T14:00:00.000Z,04d,59,1013,17,230,6.17,2025-06-10T14:00:00.000Z,71,p2,29,p2
68487444557f4a50575cfa80,Allertal,Lower Saxony,Germany,2025-06-10T14:00:00.000Z,04d,80,1011,16,254,7.37,2025-06-10T14:00:00.000Z,58,p2,25,o3
68487444557f4a50575cfa81,Bosel,Lower Saxony,Germany,2025-06-10T14:00:00.000Z,10d,83,1011,16,244,6.29,2025-06-10T14:00:00.000Z,22,o3,17,o3
68487444557f4a50575cfa82,Braunschweig,Lower Saxony,Germany,2025-06-10T15:00:00.000Z,04d,82,1012,14,240,5.66,2025-06-10T14:00:00.000Z,64,p2,25,p1
68487444557f4a50575cfa83,Buchholz in der Nordheide,Lower Saxony,Germany,2025-06-10T14:00:00.000Z,04d,93,1010,13,238,6.57,2025-06-10T14:00:00.000Z,68,p2,26,p2
68487444557f4a50575cfa84,Cuxhaven,Lower Saxony,Germany,2025-06-10T14:00:00.000Z,04d,100,1008,14,230,5.66,2025-06-10T14:00:00.000Z,24,o3,18,o3
68487444557f4a50575cfa85,Duderstadt,Lower Saxony,Germany,2025-06-10T14:00:00.000Z,04d,81,1013,16,305,3.81,2025-06-10T14:00:00.000Z,60,p2,26,p1
68487444557f4a50575cfa86,Emden,Lower Saxony,Germany,2025-06-10T14:00:00.000Z,04d,90,1010,16,275,9.45,2025-06-10T14:00:00.000Z,22,p2,17,o3
68487444557f4a50575cfa87,Emsland,Lower Saxony,Germany,2025-06-10T14:00:00.000Z,04d,89,1012,16,260,6.71,2025-06-10T14:00:00.000Z,22,p2,16,o3
68487444557f4a50575cfa88,Gottingen,Lower Saxony,Germany,2025-06-10T15:00:00.000Z,04d,85,1013,15,289,6.76,2025-06-10T14:00:00.000Z,71,p2,31,p1
68487444557f4a50575cfa89,Hannover,Lower Saxony,Germany,2025-06-10T15:00:00.000Z,09d,87,1012,16,260,6.17,2025-06-10T14:00:00.000Z,70,p2,30,p1
68487444557f4a50575cfa8a,Hildesheim,Lower Saxony,Germany,2025-06-10T14:00:00.000Z,10d,92,1013,14,281,0.45,2025-06-10T14:00:00.000Z,62,p2,25,p1
68487444557f4a50575cfa8b,Jork,Lower Saxony,Germany,2025-06-10T14:00:00.000Z,50d,94,1010,13,220,6.17,2025-06-10T14:00:00.000Z,60,p2,23,o3
68487444557f4a50575cfa8c,Luchow,Lower Saxony,Germany,2025-06-10T14:00:00.000Z,10d,84,1011,16,244,6.21,2025-06-10T14:00:00.000Z,64,p2,29,o3
68487444557f4a50575cfa8d,Luder,Lower Saxony,Germany,2025-06-10T14:00:00.000Z,04d,84,1011,16,243,7.53,2025-06-10T14:00:00.000Z,77,p2,33,p2
68487444557f4a50575cfa8e,Lunenburg,Lower Saxony,Germany,2025-06-10T15:00:00.000Z,04d,92,1009,14,250,5.9,2025-06-10T14:00:00.000Z,62,p2,26,o3
68487444557f4a50575cfa8f,Midlum,Lower Saxony,Germany,2025-06-10T14:00:00.000Z,09d,100,1009,14,230,5.66,2025-06-10T13:00:00.000Z,71,p2,29,p2
68487444557f4a50575cfa90,Neu Wulmstorf,Lower Saxony,Germany,2025-06-10T15:00:00.000Z,04d,96,1009,14,220,5.66,2025-06-10T14:00:00.000Z,83,p2,37,p2
68487444557f4a50575cfa91,Nordholz,Lower Saxony,Germany,2025-06-10T14:00:00.000Z,04d,100,1008,14,230,5.66,2025-06-10T13:00:00.000Z,78,p2,34,p2
68487444557f4a50575cfa92,Northeim,Lower Saxony,Germany,2025-06-10T14:00:00.000Z,10d,89,1014,16,267,0.89,2025-06-10T14:00:00.000Z,63,p2,22,p2
68487444557f4a50575cfa93,Oldenburg,Lower Saxony,Germany,2025-06-10T15:00:00.000Z,04d,94,1010,16,262,4.02,2025-06-10T14:00:00.000Z,66,p2,25,p2
68487444557f4a50575cfa94,Osnabrueck,Lower Saxony,Germany,2025-06-10T15:00:00.000Z,10d,92,1013,14,254,6.77,2025-06-10T14:00:00.000Z,55,p2,22,p1
68487444557f4a50575cfa95,Rinteln,Lower Saxony,Germany,2025-06-10T15:00:00.000Z,04d,85,1012,15,260,6.69,2025-06-10T14:00:00.000Z,58,p2,25,o3
68487444557f4a50575cfa96,Salzgitter,Lower Saxony,Germany,2025-06-10T15:00:00.000Z,04d,82,1012,14,240,5.14,2025-06-10T14:00:00.000Z,58,p2,25,p1
68487444557f4a50575cfa97,Seevetal,Lower Saxony,Germany,2025-06-10T15:00:00.000Z,04d,93,1009,14,230,6.17,2025-06-10T13:00:00.000Z,75,p2,32,p2
68487444557f4a50575cfa98,Sittensen,Lower Saxony,Germany,2025-06-10T14:00:00.000Z,04d,92,1010,13,241,8.04,2025-06-10T14:00:00.000Z,59,p2,19,p2
68487444557f4a50575cfa99,Solling,Lower Saxony,Germany,2025-06-10T15:00:00.000Z,09d,89,1012,15,250,6.17,2025-06-10T13:00:00.000Z,56,p2,22,p1
68487444557f4a50575cfa9a,Wilhelmshaven,Lower Saxony,Germany,2025-06-10T15:00:00.000Z,04d,89,1009,17,277,9.65,2025-06-10T14:00:00.000Z,22,p2,17,o3
68487444557f4a50575cfa9b,Wolfsburg,Lower Saxony,Germany,2025-06-10T15:00:00.000Z,04d,86,1011,15,240,5.66,2025-06-10T14:00:00.000Z,68,p2,28,p1
68487444557f4a50575cfa9c,Burg Stargard,Mecklenburg-Vorpommern,Germany,2025-06-10T14:00:00.000Z,04d,83,1011,15,218,6.26,2025-06-10T14:00:00.000Z,73,p2,30,p2
68487444557f4a50575cfa9d,Garz/Rugen,Mecklenburg-Vorpommern,Germany,2025-06-10T15:00:00.000Z,04d,91,1009,16,220,4.97,2025-06-10T14:00:00.000Z,64,p2,23,p2
68487444557f4a50575cfa9e,Gohlen,Mecklenburg-Vorpommern,Germany,2025-06-10T14:00:00.000Z,10d,86,1010,15,236,5.77,2025-06-10T14:00:00.000Z,73,p2,30,p2
68487444557f4a50575cfa9f,Goldberg,Mecklenburg-Vorpommern,Germany,2025-06-10T14:00:00.000Z,10d,87,1010,15,235,5.84,2025-06-10T14:00:00.000Z,77,p2,33,p2
68487444557f4a50575cfaa0,Gustrow,Mecklenburg-Vorpommern,Germany,2025-06-10T15:00:00.000Z,10d,82,1009,15,240,4.63,2025-06-10T14:00:00.000Z,69,p2,27,p2
68487444557f4a50575cfaa1,Leizen,Mecklenburg-Vorpommern,Germany,2025-06-10T14:00:00.000Z,04d,84,1011,15,238,5.92,2025-06-10T14:00:00.000Z,69,p2,27,p2
68487444557f4a50575cfaa2,Locknitz,Mecklenburg-Vorpommern,Germany,2025-06-10T15:00:00.000Z,10d,94,1011,14,212,4.66,2025-06-10T14:00:00.000Z,65,p2,23,p2
68487444557f4a50575cfaa3,Neubrandenburg,Mecklenburg-Vorpommern,Germany,2025-06-10T15:00:00.000Z,04d,85,1010,15,237,5.95,2025-06-10T14:00:00.000Z,76,p2,32,p2
68487444557f4a50575cfaa4,Rostock,Mecklenburg-Vorpommern,Germany,2025-06-10T15:00:00.000Z,10d,85,1008,15,230,7.41,2025-06-10T14:00:00.000Z,74,p2,31,p2
68487444557f4a50575cfaa5,Schwerin,Mecklenburg-Vorpommern,Germany,2025-06-10T15:00:00.000Z,10d,95,1009,13,0,3.58,2025-06-10T14:00:00.000Z,79,p2,35,p2
68487444557f4a50575cfaa6,Stralsund,Mecklenburg-Vorpommern,Germany,2025-06-10T15:00:00.000Z,04d,92,1009,15,224,4.76,2025-06-10T14:00:00.000Z,69,p2,27,p2
68487444557f4a50575cfaa7,Wismar,Mecklenburg-Vorpommern,Germany,2025-06-10T15:00:00.000Z,10d,92,1008,14,233,7.02,2025-06-10T14:00:00.000Z,102,p2,51,p2
68487444557f4a50575cfaa8,Zingst,Mecklenburg-Vorpommern,Germany,2025-06-10T15:00:00.000Z,04d,84,1009,14,229,8.47,2025-06-10T14:00:00.000Z,62,p2,21,p2
68487444557f4a50575cfaa9,Aachen,Nordrhein-Westfalen,Germany,2025-06-10T15:00:00.000Z,04d,70,1016,18,265,6.67,2025-06-10T15:00:00.000Z,66,p2,24,p2
68487444557f4a50575cfaaa,Bayenthal,Nordrhein-Westfalen,Germany,2025-06-10T15:00:00.000Z,04d,65,1015,20,280,8.75,2025-06-10T15:00:00.000Z,64,p2,23,p2
68487444557f4a50575cfaab,Bielefeld,Nordrhein-Westfalen,Germany,2025-06-10T15:00:00.000Z,04d,93,1013,14,220,0.89,2025-06-10T14:00:00.000Z,65,p2,24,p2
68487444557f4a50575cfaac,Bonn,Nordrhein-Westfalen,Germany,2025-06-10T15:00:00.000Z,04d,56,1015,20,280,8.75,2025-06-10T14:00:00.000Z,81,p2,36,p2
68487444557f4a50575cfaad,Borken,Nordrhein-Westfalen,Germany,2025-06-10T15:00:00.000Z,04d,85,1014,16,266,7.47,2025-06-10T14:00:00.000Z,71,p2,29,p2
68487444557f4a50575cfaae,Bornheim,Nordrhein-Westfalen,Germany,2025-06-10T15:00:00.000Z,04d,64,1015,20,290,7.72,2025-06-10T15:00:00.000Z,74,p2,31,p2
68487444557f4a50575cfaaf,Bottrop,Nordrhein-Westfalen,Germany,2025-06-10T15:00:00.000Z,04d,82,1015,16,254,4.8,2025-06-10T14:00:00.000Z,71,p2,29,p2
68487444557f4a50575cfab0,Buende,Nordrhein-Westfalen,Germany,2025-06-10T15:00:00.000Z,04d,87,1013,15,234,6.71,2025-06-10T14:00:00.000Z,90,p2,43,p2
68487444557f4a50575cfab1,Bueren,Nordrhein-Westfalen,Germany,2025-06-10T15:00:00.000Z,04d,87,1014,14,270,3.09,2025-06-10T15:00:00.000Z,74,p2,31,p2
68487444557f4a50575cfab2,Datteln,Nordrhein-Westfalen,Germany,2025-06-10T15:00:00.000Z,10d,81,1015,15,351,1.34,2025-06-10T14:00:00.000Z,71,p2,29,p2
68487444557f4a50575cfab3,Dortmund,Nordrhein-Westfalen,Germany,2025-06-10T15:00:00.000Z,10d,77,1015,16,230,5.14,2025-06-10T14:00:00.000Z,73,p2,30,p2
68487444557f4a50575cfab4,Drolshagen,Nordrhein-Westfalen,Germany,2025-06-10T15:00:00.000Z,04d,75,1015,17,278,0.89,2025-06-10T15:00:00.000Z,69,p2,26,p2
68487444557f4a50575cfab5,Duesseldorf-Pempelfort,Nordrhein-Westfalen,Germany,2025-06-10T15:00:00.000Z,04d,70,1015,17,270,7.2,2025-06-10T14:00:00.000Z,64,p2,23,p2
68487444557f4a50575cfab6,Duisburg,Nordrhein-Westfalen,Germany,2025-06-10T15:00:00.000Z,04d,73,1015,17,270,7.2,2025-06-10T14:00:00.000Z,65,p2,25,p1
68487444557f4a50575cfab7,Dusseldorf,Nordrhein-Westfalen,Germany,2025-06-10T15:00:00.000Z,04d,71,1015,17,270,7.2,2025-06-10T14:00:00.000Z,69,p2,27,p2
68487444557f4a50575cfab8,Essen,Nordrhein-Westfalen,Germany,2025-06-10T15:00:00.000Z,04d,81,1015,16,292,2.24,2025-06-10T14:00:00.000Z,68,p2,26,p2
68487444557f4a50575cfab9,Frechen,Nordrhein-Westfalen,Germany,2025-06-10T15:00:00.000Z,04d,65,1016,20,270,8.23,2025-06-10T15:00:00.000Z,59,p2,19,p2
68487444557f4a50575cfaba,Gelsenkirchen,Nordrhein-Westfalen,Germany,2025-06-10T15:00:00.000Z,04d,83,1015,16,292,2.24,2025-06-10T14:00:00.000Z,71,p2,29,p2
68487444557f4a50575cfabb,Hagen,Nordrhein-Westfalen,Germany,2025-06-10T15:00:00.000Z,04d,83,1015,16,225,1.34,2025-06-10T14:00:00.000Z,73,p2,30,p2
68487444557f4a50575cfabc,Hattingen,Nordrhein-Westfalen,Germany,2025-06-10T15:00:00.000Z,10d,81,1015,16,292,2.24,2025-06-10T14:00:00.000Z,68,p2,26,p2
68487444557f4a50575cfabd,Hennef,Nordrhein-Westfalen,Germany,2025-06-10T15:00:00.000Z,04d,56,1015,20,280,8.75,2025-06-10T15:00:00.000Z,74,p2,31,p2
68487444557f4a50575cfabe,Herford,Nordrhein-Westfalen,Germany,2025-06-10T15:00:00.000Z,04d,90,1013,14,254,7.09,2025-06-10T15:00:00.000Z,45,p2,12,p2
68487444557f4a50575cfabf,Holzwickede,Nordrhein-Westfalen,Germany,2025-06-10T15:00:00.000Z,10d,79,1015,16,250,4.63,2025-06-10T15:00:00.000Z,70,p2,28,p2
68487444557f4a50575cfac0,Hurth,Nordrhein-Westfalen,Germany,2025-06-10T15:00:00.000Z,04d,65,1015,20,270,8.23,2025-06-10T14:00:00.000Z,66,p2,24,p2
68487444557f4a50575cfac1,Kempen,Nordrhein-Westfalen,Germany,2025-06-10T15:00:00.000Z,04d,75,1015,17,270,4.12,2025-06-10T15:00:00.000Z,64,p2,23,p2
68487444557f4a50575cfac2,Koln,Nordrhein-Westfalen,Germany,2025-06-10T15:00:00.000Z,04d,66,1016,20,280,8.75,2025-06-10T14:00:00.000Z,67,p2,25,p2
68487444557f4a50575cfac3,Krefeld,Nordrhein-Westfalen,Germany,2025-06-10T15:00:00.000Z,04d,71,1016,18,270,7.2,2025-06-10T14:00:00.000Z,70,p2,28,p2
68487444557f4a50575cfac4,Leverkusen,Nordrhein-Westfalen,Germany,2025-06-10T15:00:00.000Z,04d,68,1015,20,286,4.66,2025-06-10T14:00:00.000Z,65,p2,24,p2
68487444557f4a50575cfac5,Luedenscheid,Nordrhein-Westfalen,Germany,2025-06-10T15:00:00.000Z,04d,90,1015,14,360,0.45,2025-06-10T14:00:00.000Z,62,p2,21,p2
68487444557f4a50575cfac6,Lunen,Nordrhein-Westfalen,Germany,2025-06-10T15:00:00.000Z,10d,78,1015,16,250,4.63,2025-06-10T14:00:00.000Z,58,p2,20,p1
68487444557f4a50575cfac7,Meerbusch,Nordrhein-Westfalen,Germany,2025-06-10T15:00:00.000Z,04d,71,1016,18,270,7.2,2025-06-10T15:00:00.000Z,71,p2,29,p2
68487444557f4a50575cfac8,Mettingen,Nordrhein-Westfalen,Germany,2025-06-10T15:00:00.000Z,04d,87,1013,14,258,7.68,2025-06-10T13:00:00.000Z,58,p2,18,p2
68487444557f4a50575cfac9,Monchengladbach,Nordrhein-Westfalen,Germany,2025-06-10T15:00:00.000Z,04d,74,1016,18,270,4.12,2025-06-10T15:00:00.000Z,68,p2,26,p2
68487444557f4a50575cfaca,Mulheim,Nordrhein-Westfalen,Germany,2025-06-10T15:00:00.000Z,04d,71,1016,17,270,7.2,2025-06-10T14:00:00.000Z,66,p2,24,p2
68487444557f4a50575cfacb,Munster,Nordrhein-Westfalen,Germany,2025-06-10T15:00:00.000Z,50d,92,1014,16,250,6.69,2025-06-10T14:00:00.000Z,73,p2,30,p2
68487444557f4a50575cfacc,Netphen,Nordrhein-Westfalen,Germany,2025-06-10T15:00:00.000Z,04d,78,1014,16,271,5.67,2025-06-10T14:00:00.000Z,55,p2,16,p2
68487444557f4a50575cfacd,Nettetal,Nordrhein-Westfalen,Germany,2025-06-10T15:00:00.000Z,04d,77,1015,18,246,4.02,2025-06-10T14:00:00.000Z,68,p2,26,p2
68487444557f4a50575cface,Niederzier,Nordrhein-Westfalen,Germany,2025-06-10T15:00:00.000Z,04d,71,1015,19,276,6,2025-06-10T14:00:00.000Z,66,p2,24,p2
68487444557f4a50575cfacf,Oberhausen,Nordrhein-Westfalen,Germany,2025-06-10T15:00:00.000Z,04d,79,1016,17,264,6.06,2025-06-10T14:00:00.000Z,69,p2,27,p2
68487444557f4a50575cfad0,Ratingen,Nordrhein-Westfalen,Germany,2025-06-10T15:00:00.000Z,04d,70,1015,18,270,7.2,2025-06-10T15:00:00.000Z,65,p2,24,p2
68487444557f4a50575cfad1,Recklinghausen,Nordrhein-Westfalen,Germany,2025-06-10T15:00:00.000Z,10d,83,1015,15,270,3.58,2025-06-10T15:00:00.000Z,71,p2,29,p2
68487444557f4a50575cfad2,Schwerte,Nordrhein-Westfalen,Germany,2025-06-10T15:00:00.000Z,10d,80,1015,15,250,4.63,2025-06-10T14:00:00.000Z,69,p2,28,p1
68487444557f4a50575cfad3,Simmerath,Nordrhein-Westfalen,Germany,2025-06-10T15:00:00.000Z,04d,77,1016,16,290,4.12,2025-06-10T14:00:00.000Z,62,p2,21,p2
68487444557f4a50575cfad4,Soest,Nordrhein-Westfalen,Germany,2025-06-10T15:00:00.000Z,10d,75,1015,17,262,5.88,2025-06-10T14:00:00.000Z,64,p2,23,p2
68487444557f4a50575cfad5,Solingen,Nordrhein-Westfalen,Germany,2025-06-10T15:00:00.000Z,04d,76,1015,18,273,4.33,2025-06-10T14:00:00.000Z,56,p2,20,p1
68487444557f4a50575cfad6,Telgte,Nordrhein-Westfalen,Germany,2025-06-10T15:00:00.000Z,04d,92,1014,16,240,6.69,2025-06-10T15:00:00.000Z,65,p2,24,p2
68487444557f4a50575cfad7,Titz,Nordrhein-Westfalen,Germany,2025-06-10T15:00:00.000Z,04d,76,1015,18,278,5.36,2025-06-10T14:00:00.000Z,62,p2,21,p2
68487444557f4a50575cfad8,Unna,Nordrhein-Westfalen,Germany,2025-06-10T15:00:00.000Z,10d,79,1015,16,250,4.63,2025-06-10T14:00:00.000Z,66,p2,24,p2
68487444557f4a50575cfad9,Warstein,Nordrhein-Westfalen,Germany,2025-06-10T15:00:00.000Z,04d,79,1015,15,265,5.52,2025-06-10T14:00:00.000Z,66,p2,35,p1
68487444557f4a50575cfada,Wegberg,Nordrhein-Westfalen,Germany,2025-06-10T15:00:00.000Z,04d,73,1016,18,270,4.12,2025-06-10T15:00:00.000Z,73,p2,30,p2
68487444557f4a50575cfadb,Wesel,Nordrhein-Westfalen,Germany,2025-06-10T15:00:00.000Z,04d,74,1015,17,268,7.25,2025-06-10T14:00:00.000Z,68,p2,26,p2
68487444557f4a50575cfadc,Wuppertal,Nordrhein-Westfalen,Germany,2025-06-10T15:00:00.000Z,04d,88,1015,16,267,4.39,2025-06-10T14:00:00.000Z,68,p2,26,p2
68487444557f4a50575cfadd,Bad Kreuznach,Rheinland-Pfalz,Germany,2025-06-10T15:00:00.000Z,04d,47,1015,25,265,7.01,2025-06-10T14:00:00.000Z,60,p2,33,o3
68487444557f4a50575cfade,Bingen am Rhein,Rheinland-Pfalz,Germany,2025-06-10T15:00:00.000Z,04d,45,1015,25,265,6.92,2025-06-10T15:00:00.000Z,82,p2,37,p2
68487444557f4a50575cfadf,Diez,Rheinland-Pfalz,Germany,2025-06-10T15:00:00.000Z,04d,55,1015,23,286,5.29,2025-06-10T15:00:00.000Z,94,p2,46,p2
68487444557f4a50575cfae0,Dunzweiler,Rheinland-Pfalz,Germany,2025-06-10T15:00:00.000Z,04d,49,1016,22,180,1.79,2025-06-10T14:00:00.000Z,60,p2,35,o3
68487444557f4a50575cfae1,Gondenbrett,Rheinland-Pfalz,Germany,2025-06-10T15:00:00.000Z,04d,61,1017,17,283,6.53,2025-06-10T14:00:00.000Z,60,p2,29,o3
68487444557f4a50575cfae2,Herdorf,Rheinland-Pfalz,Germany,2025-06-10T15:00:00.000Z,02d,65,1014,19,270,6.69,2025-06-10T14:00:00.000Z,68,p2,30,p1
68487444557f4a50575cfae3,Kaiserslautern,Rheinland-Pfalz,Germany,2025-06-10T15:00:00.000Z,04d,47,1016,23,259,6.5,2025-06-10T15:00:00.000Z,69,p2,35,o3
68487444557f4a50575cfae4,Kehrig,Rheinland-Pfalz,Germany,2025-06-10T15:00:00.000Z,04d,54,1015,21,270,6.17,2025-06-10T15:00:00.000Z,90,p2,43,p2
68487444557f4a50575cfae5,Koblenz,Rheinland-Pfalz,Germany,2025-06-10T15:00:00.000Z,04d,55,1015,21,287,5.24,2025-06-10T14:00:00.000Z,72,p2,30,o3
68487444557f4a50575cfae6,Landau in der Pfalz,Rheinland-Pfalz,Germany,2025-06-10T15:00:00.000Z,04d,40,1016,25,180,2.68,2025-06-10T15:00:00.000Z,75,p2,31,p2
68487444557f4a50575cfae7,Ludwigshafen am Rhein,Rheinland-Pfalz,Germany,2025-06-10T15:00:00.000Z,01d,40,1016,25,230,5.14,2025-06-10T14:00:00.000Z,76,p2,32,p2
68487444557f4a50575cfae8,Mainz,Rheinland-Pfalz,Germany,2025-06-10T15:00:00.000Z,04d,41,1015,25,250,5.36,2025-06-10T14:00:00.000Z,66,p2,35,o3
68487444557f4a50575cfae9,Mayen,Rheinland-Pfalz,Germany,2025-06-10T15:00:00.000Z,04d,58,1015,21,282,6.2,2025-06-10T15:00:00.000Z,84,p2,39,p2
68487444557f4a50575cfaea,Merzalben,Rheinland-Pfalz,Germany,2025-06-10T15:00:00.000Z,04d,40,1016,25,262,5.93,2025-06-10T14:00:00.000Z,66,p2,35,o3
68487444557f4a50575cfaeb,Montabaur,Rheinland-Pfalz,Germany,2025-06-10T15:00:00.000Z,04d,57,1014,21,292,5.51,2025-06-10T14:00:00.000Z,86,p2,40,p2
68487444557f4a50575cfaec,Neuwied,Rheinland-Pfalz,Germany,2025-06-10T15:00:00.000Z,04d,66,1015,21,292,5.66,2025-06-10T14:00:00.000Z,73,p2,34,p1
68487444557f4a50575cfaed,Nieder-Olm,Rheinland-Pfalz,Germany,2025-06-10T15:00:00.000Z,04d,48,1015,25,280,4.63,2025-06-10T15:00:00.000Z,67,p2,25,p2
68487444557f4a50575cfaee,Pirmasens,Rheinland-Pfalz,Germany,2025-06-10T15:00:00.000Z,04d,47,1017,23,262,5.85,2025-06-10T14:00:00.000Z,58,p2,34,o3
68487444557f4a50575cfaef,Schifferstadt,Rheinland-Pfalz,Germany,2025-06-10T15:00:00.000Z,01d,36,1015,25,230,6.17,2025-06-10T15:00:00.000Z,75,p2,31,p2
68487444557f4a50575cfaf0,Siesbach,Rheinland-Pfalz,Germany,2025-06-10T15:00:00.000Z,04d,52,1015,22,100,2.68,2025-06-10T14:00:00.000Z,60,p2,34,o3
68487444557f4a50575cfaf1,Speyer,Rheinland-Pfalz,Germany,2025-06-10T15:00:00.000Z,01d,34,1016,26,230,5.14,2025-06-10T14:00:00.000Z,77,p2,35,o3
68487444557f4a50575cfaf2,Trier,Rheinland-Pfalz,Germany,2025-06-10T15:00:00.000Z,04d,47,1016,23,255,6.2,2025-06-10T14:00:00.000Z,77,p2,33,p2
68487444557f4a50575cfaf3,Wissen,Rheinland-Pfalz,Germany,2025-06-10T15:00:00.000Z,04d,70,1015,18,283,6.55,2025-06-10T15:00:00.000Z,84,p2,39,p2
68487444557f4a50575cfaf4,Worms,Rheinland-Pfalz,Germany,2025-06-10T15:00:00.000Z,04d,43,1015,25,260,4.02,2025-06-10T14:00:00.000Z,81,p2,36,p2
68487444557f4a50575cfaf5,Worth am Rhein,Rheinland-Pfalz,Germany,2025-06-10T15:00:00.000Z,04d,47,1016,25,339,1.34,2025-06-10T14:00:00.000Z,64,p2,37,o3
68487444557f4a50575cfaf6,Dillingen,Saarland,Germany,2025-06-10T15:00:00.000Z,04d,56,1017,24,280,5.74,2025-06-10T14:00:00.000Z,64,p2,23,p2
68487444557f4a50575cfaf7,Lebach,Saarland,Germany,2025-06-10T15:00:00.000Z,04d,57,1016,23,273,5.78,2025-06-10T15:00:00.000Z,60,p2,20,p2
68487444557f4a50575cfaf8,Ottweiler,Saarland,Germany,2025-06-10T15:00:00.000Z,04d,48,1016,23,296,4.47,2025-06-10T14:00:00.000Z,62,p2,30,p1
68487444557f4a50575cfaf9,Rehlingen-Siersburg,Saarland,Germany,2025-06-10T15:00:00.000Z,04d,66,1017,23,277,6.2,2025-06-10T14:00:00.000Z,56,p2,19,p1
68487444557f4a50575cfafa,Saarbrucken,Saarland,Germany,2025-06-10T15:00:00.000Z,01d,46,1017,24,260,7.2,2025-06-10T14:00:00.000Z,60,p2,21,p1
68487444557f4a50575cfafb,Saarlouis,Saarland,Germany,2025-06-10T15:00:00.000Z,04d,54,1017,24,279,5.37,2025-06-10T14:00:00.000Z,55,p2,18,p1
68487444557f4a50575cfafc,Volklingen,Saarland,Germany,2025-06-10T15:00:00.000Z,01d,49,1017,24,260,7.72,2025-06-10T14:00:00.000Z,67,p2,26,p1
68487444557f4a50575cfafd,Annaberg-Buchholz,Saxony,Germany,2025-06-10T15:00:00.000Z,04d,63,1015,17,217,2.68,2025-06-10T14:00:00.000Z,53,p2,29,o3
68487444557f4a50575cfafe,Bautzen,Saxony,Germany,2025-06-10T15:00:00.000Z,10d,60,1014,21,254,4.49,2025-06-10T14:00:00.000Z,55,p2,29,o3
68487444557f4a50575cfaff,Cavertitz,Saxony,Germany,2025-06-10T15:00:00.000Z,04d,62,1013,20,240,5.36,2025-06-10T14:00:00.000Z,44,p2,12,p2
68487444557f4a50575cfb00,Dresden,Saxony,Germany,2025-06-10T15:00:00.000Z,10d,69,1013,21,250,5.36,2025-06-10T15:00:00.000Z,79,p2,34,p2
68487444557f4a50575cfb01,Eibenstock,Saxony,Germany,2025-06-10T15:00:00.000Z,10d,77,1012,13,233,7.6,2025-06-10T14:00:00.000Z,58,p2,36,o3
68487444557f4a50575cfb02,Goerlitz,Saxony,Germany,2025-06-10T15:00:00.000Z,04d,55,1014,21,244,1.79,2025-06-10T14:00:00.000Z,58,p2,21,n2
68487444557f4a50575cfb03,Klingenthal,Saxony,Germany,2025-06-10T15:00:00.000Z,10d,77,1014,15,249,5.11,2025-06-10T14:00:00.000Z,55,p2,22,p1
68487444557f4a50575cfb04,Leipzig,Saxony,Germany,2025-06-10T15:00:00.000Z,10d,58,1012,19,220,6.17,2025-06-10T15:00:00.000Z,86,p2,40,p2
68487444557f4a50575cfb05,Lohmen,Saxony,Germany,2025-06-10T15:00:00.000Z,10d,68,1014,21,279,0.89,2025-06-10T15:00:00.000Z,65,p2,23,p2
68487444557f4a50575cfb06,Neudorf,Saxony,Germany,2025-06-10T15:00:00.000Z,10d,62,1014,16,240,8.94,2025-06-10T15:00:00.000Z,97,p2,49,p2
68487444557f4a50575cfb07,Niesky,Saxony,Germany,2025-06-10T15:00:00.000Z,10d,59,1014,22,264,4.4,2025-06-10T14:00:00.000Z,53,p2,31,o3
68487444557f4a50575cfb08,Olbernhau,Saxony,Germany,2025-06-10T15:00:00.000Z,04d,59,1014,18,258,5.01,2025-06-10T15:00:00.000Z,88,p2,41,p2
68487444557f4a50575cfb09,Oschatz,Saxony,Germany,2025-06-10T15:00:00.000Z,10d,62,1013,20,250,5.59,2025-06-10T14:00:00.000Z,50,p2,30,o3
68487444557f4a50575cfb0a,Plauen,Saxony,Germany,2025-06-10T15:00:00.000Z,04d,60,1013,20,230,6.75,2025-06-10T14:00:00.000Z,56,p2,21,p1
68487444557f4a50575cfb0b,Riesa,Saxony,Germany,2025-06-10T15:00:00.000Z,10d,62,1013,20,240,5.36,2025-06-10T15:00:00.000Z,66,p2,32,o3
68487444557f4a50575cfb0c,Schwartenberg,Saxony,Germany,2025-06-10T15:00:00.000Z,04d,59,1014,17,258,4.96,2025-06-10T14:00:00.000Z,53,p2,34,o3
68487444557f4a50575cfb0d,Tannenbergsthal,Saxony,Germany,2025-06-10T15:00:00.000Z,10d,77,1013,15,242,5.44,2025-06-10T15:00:00.000Z,92,p2,44,p2
68487444557f4a50575cfb0e,Stapelburg,Saxony-Anhalt,Germany,2025-06-10T15:00:00.000Z,10d,86,1013,14,259,4.8,2025-06-10T15:00:00.000Z,88,p2,41,p2
68487444557f4a50575cfb0f,Belau,Schleswig-Holstein,Germany,2025-06-10T15:00:00.000Z,10d,97,1007,13,233,6.56,2025-06-10T14:00:00.000Z,76,p2,32,p2
68487444557f4a50575cfb10,Brunsbüttel,Schleswig-Holstein,Germany,2025-06-10T15:00:00.000Z,04d,86,1008,15,266,7.87,2025-06-10T14:00:00.000Z,61,p2,20,p2
68487444557f4a50575cfb11,Eggebek,Schleswig-Holstein,Germany,2025-06-10T15:00:00.000Z,10d,78,1006,15,260,8.23,2025-06-10T14:00:00.000Z,59,p2,19,p2
68487444557f4a50575cfb12,Flensburg,Schleswig-Holstein,Germany,2025-06-10T15:00:00.000Z,04d,95,1006,14,254,4.7,2025-06-10T14:00:00.000Z,56,p2,17,p2
68487444557f4a50575cfb13,Itzehoe,Schleswig-Holstein,Germany,2025-06-10T15:00:00.000Z,04d,94,1008,14,250,6.54,2025-06-10T14:00:00.000Z,74,p2,31,p2
68487444557f4a50575cfb14,Kiel,Schleswig-Holstein,Germany,2025-06-10T15:00:00.000Z,10d,94,1007,14,220,5.14,2025-06-10T14:00:00.000Z,78,p2,33,p2
68487444557f4a50575cfb15,Kollow,Schleswig-Holstein,Germany,2025-06-10T15:00:00.000Z,04d,97,1008,14,224,1.34,2025-06-10T14:00:00.000Z,69,p2,27,p2
68487444557f4a50575cfb16,Lauenburg,Schleswig-Holstein,Germany,2025-06-10T15:00:00.000Z,04d,97,1009,14,249,6.43,2025-06-10T14:00:00.000Z,76,p2,32,p2
68487444557f4a50575cfb17,Lubeck,Schleswig-Holstein,Germany,2025-06-10T15:00:00.000Z,10d,93,1008,13,210,5.14,2025-06-10T14:00:00.000Z,75,p2,31,p2
68487444557f4a50575cfb18,Nortorf,Schleswig-Holstein,Germany,2025-06-10T15:00:00.000Z,10d,96,1007,13,249,6.15,2025-06-10T15:00:00.000Z,38,p2,10,p2
68487444557f4a50575cfb19,Wittenborn,Schleswig-Holstein,Germany,2025-06-10T15:00:00.000Z,10d,97,1008,13,236,6.75,2025-06-10T15:00:00.000Z,67,p2,25,p2
68487444557f4a50575cfb1a,Altenburg,Thuringia,Germany,2025-06-10T15:00:00.000Z,01d,56,1012,21,220,5.66,2025-06-10T14:00:00.000Z,65,p2,24,p2
68487444557f4a50575cfb1b,Eisenach,Thuringia,Germany,2025-06-10T15:00:00.000Z,04d,51,1013,22,263,7.76,2025-06-10T14:00:00.000Z,63,p2,23,p2
